"id","title","abstract","movie_url","start_time","end_time","talk_difficulty_id","talk_category_id","created_at","updated_at","conference_id","conference_day_id","track_id","video_published","document_url","show_on_timetable","talk_time_id","expected_participants","execution_phases","sponsor_id","id","talk_id","conference_id","status","created_at","updated_at"
"1181","Kubernetesネットワーキング初級者脱出ガイド -基本から最新動向まで-","Kubernetesの仕組みを理解する上でネットワークの部分は忘れることができない要素です。しかし、現実には抽象的な説明は存在しますが、オンプレ・パブリッククラウドなどで活用されるKubernetesでネットワークがどのような仕組みで実現されているかを包括的・詳細に説明された日本語の資料は今までありませんでした。
今回はCNCFアンバサダーである太田から、Kubernetes初級者を脱出するために必要なネットワークの知識や、パブリッククラウドやアップストリームのKubernetesで利用可能なさまざまな仕組みについて基本から解説します。",NULL,"06:20:00","07:00:00","31","42","2021-08-02 07:20:19","2021-10-16 17:01:17","4","11","25","1",,"1",NULL,NULL,NULL,NULL,"52","1181","4","1","2021-08-02 07:20:20.045857","2021-09-17 06:51:30.148319"
"1183","「DevSecOpsとは？」の一歩先、複数の導入経験から語るセキュリティエンジニアの本音","DevSecOpsという言葉は、その実例の少なさと反して、聞く機会は多いではないでしょうか。「DevSecOpsとは？」を概念上は知っていても、具体的に何から取り組めばいいのか、どんな構成があるのか、分かっている方は多くはないと思います。複数のクライアントへの導入経験を元にしたDevSecOpsに関する本音から、アプローチ、導入後に必ずつまずくところ等、ご紹介できたらと思います。",NULL,"09:40:00","10:00:00","32","46","2021-08-03 05:45:37","2021-10-04 05:20:41","4","11","21","1",,"1",NULL,NULL,NULL,NULL,"54","1183","4","1","2021-08-03 05:45:37.647520","2021-09-17 06:51:30.181068"
"1184","自作して学ぶKubernetes scheduler入門","Kubernetesのコンポーネントの内、PodをどのNodeで起動するかという事を決定するschedulerというものが存在します。このトークでは実際に動作する小規模なschedulerを実装していく様子から、schedulerはどのようにPodをスケジューリングしているのか、どのように拡張性を提供しているのか等を学びます。対象者は、(簡単にでも)Kubernetesの使用をした経験のある方としますが、schedulerに関する知識は不問です。",NULL,"08:20:00","09:00:00","31","53","2021-08-03 06:34:02","2021-10-18 16:14:12","4","12","22","1",,"1",NULL,NULL,NULL,NULL,"55","1184","4","1","2021-08-03 06:34:02.839464","2021-09-17 06:51:30.206384"
"1186","20,000+行のmanifestをリファクタリングして分かったKustomizeの美しきアーキテクチャと拡張性","みなさんはKubernetesのmanifest管理のために、どんなツールをお使いでしょうか。

manifestファイルをいかに効率的かつ美しく管理するか…、我々yamlエンジニアたちはいつも頭を悩ませています。
そんな中弊チームは、Kustomizeフル活用することによって、 20,000+行のmanifestファイルを可読性、保守性を高めつつ約60%削減することに成功いたしました。

Kustomizeは一見すると少し独特な使い勝手のmanifes管理ツールですが、一貫した設計思想、豊富な差分生成機能、自由に拡張可能なプラグイン機構を備えた、とても優秀なツールです。
このセッションでは、そんなKustomizeの魅力を、大量のmanifestをリファクタリングする中で得た知見とともにご紹介いたします。

■こんなことを話します
- Kustomizeのアーキテクチャと思想
- ""overlay""ディレクトリはもう卒業！ディレクトリ構成の考え方
- プラグインで無限の柔軟性を手に入れろ
- クラスタを止めずにmanifestをリファクタリングするには",NULL,"06:20:00","07:00:00","31","37","2021-08-06 10:02:08","2021-09-29 01:04:57","4","11","20","1",,"1",NULL,NULL,NULL,NULL,"57","1186","4","1","2021-08-06 10:02:08.771382","2021-09-17 06:51:30.231879"
"1187","乗っ取れコンテナ！！〜開発者から見たコンテナセキュリティの考え方〜","コンテナ基盤を利用する開発者として、基盤上にデプロイするコンテナのセキュリティについてどの程度意識していますか？
世の中の一般的なプラクティスをなんとなく知っていても、実際にリスクを実感し、対策できているという例はまだまだ多くないのではないでしょうか。
本セッションではKubernetes上にコンテナとしてデプロイしたWebサイトに対する実際の攻撃デモを通じて、コンテナを扱う開発者目線でどのようなセキュリティリスクを意識すべきか、どのようにそれらに対処していくべきかをコンテナのイメージや起動設定を中心に一緒に考えていければと思います。",NULL,"08:20:00","09:00:00","31","46","2021-08-10 13:23:37","2021-09-29 01:04:35","4","11","25","1",NULL,"1",NULL,NULL,NULL,NULL,"58","1187","4","1","2021-08-10 13:23:37.423041","2021-09-17 06:51:30.259198"
"1189","安心・安全なCluster移行で実現するKubernetesのバージョンアップ","Kubernetesのバージョンアップの方法はいくつかありますが、我々のチームはCluster移行を選択しました。Cluster移行には運用上のメリットがある一方、考慮しなければいけないポイントもあります。本講演では、何故Cluster移行を選択したのか、またCluster移行時に生じる課題をどのような仕組みで解決しようとしているかについてお話したいと思います。",NULL,"06:40:00","07:00:00","32","43","2021-08-16 02:14:31","2021-09-29 00:12:16","4","12","22","1",NULL,"1",NULL,NULL,NULL,NULL,"60","1189","4","1","2021-08-16 02:14:31.880319","2021-09-17 06:51:30.291538"
"1191","The Twelve-Factor App in Modern Age - Cloudネイティブ時代に生きるHerokuの哲学","現在、Herokuの創業者であるAdam Wiggins が提唱した The Twelve-Factor Appは、Webアプリケーションの設計やクラウドインフラの構築、運用する人々に広く知られ実践されています。発表者が在籍していたHerokuはこの原理原則をプラットフォームサービスという形で実装した一つの例です。
本講演では、アプリケーションコンテナの利用が一般的でなかった時代に、サービスを通じて新しいパラダイムを広めたHerokuのアーキテクチャと、あれから10年近くが経過した現在において、クラウド環境・サービスを活用したあるべきTwelve-Factor Appのデザインについて考えます。",NULL,"06:20:00","07:00:00","31","49","2021-08-18 00:14:57","2021-09-29 01:01:21","4","12","23","1",NULL,"1",NULL,NULL,NULL,NULL,"62","1191","4","1","2021-08-18 00:14:57.134936","2021-09-17 06:51:30.323806"
"1192","なぜ我々はクラウドゲーミング基盤をKubernetesに移行したのか","我々Blackは、OOPartsというクラウドゲーミングサービスを提供しています。2021年6月1日に、「Black Game Streaming Engine v2」を公開し、以前のアーキテクチャと比較してより低コスト、より低遅延、より高速なゲーム起動を実現させました。

以前は1ユーザーのプレイに1インスタンスを割り当てるものとなっていましたが、「Black Game Streaming Engine v2」ではKubernetesとAgonesを使用したアーキテクチャとなっており、完全なるコンテナ化を実現させています。

この発表では、以前のアーキテクチャにあった課題と、それをKubernetesとAgonesによってどう解決させたのか、移行にあたっての課題、今後の展望などについて話します。",NULL,"09:20:00","09:40:00","32","49","2021-08-19 13:41:31","2021-09-29 00:04:06","4","12","24","1",NULL,"1",NULL,NULL,NULL,NULL,"63","1192","4","1","2021-08-19 13:41:31.374242","2021-09-17 06:51:30.357243"
"1194","Kubernetesリソースの誤削除からの保護: PV, PVC, Secret, そして…","Kubernetesのリソースを誤って削除したことはあるでしょうか？それは、本番環境で？復旧できましたか？この発表は、このような苦い経験がある方・これからありそうな方に向けたものです。
既存のPersistentVolume・ PersistentVolumeClaimの保護の仕組みから、今、コミュニティで議論中の、一般的なリソースの保護の仕組み、その仕組みのSecretの保護への適用などを紹介いたします。
リソースの依存関係による削除順の話だけでなく、ユーザが重要であると設定したリソースの保護の話も含みます。一部は現在コミュニティで開発中の機能ですが、現状の機能でできること、開発中の機能を使うことによる、メリット・デメリットもお伝えいたします。",NULL,"08:20:00","09:00:00","32","43","2021-08-20 00:29:28","2021-09-29 01:03:18","4","11","22","1",NULL,"1",NULL,NULL,NULL,NULL,"65","1194","4","1","2021-08-20 00:29:29.027394","2021-09-17 06:51:30.391379"
"1196","「Small is beautiful 」 KubernetesにUnixの哲学を ~ Carvelの紹介 ~","Kubernetesのエコシステムが拡大にするに伴い、様々なツールが氾濫しています。高機能すぎるOSSや機能の重複に伴い、検証や比較に時間をとられすぎてしまい悩んでいないでしょうか？そんな中、Small is beautifulというUnixの哲学をもとに作られたOSS群Carvelが登場しました。あくまで一つの事柄に特化しそれを上手にやる、これに長けたOSS群であり、GitOpsや継続的デプロイメントを支援するツールが数多く登場しています。

Carvelが既存のHelmやArgoCDといったツールと何がちがうか？その魅力をこのセッションで紹介します。",NULL,"09:20:00","10:00:00","32","38","2021-08-20 05:21:12","2021-10-18 13:24:53","4","11","20","1",,"1",NULL,NULL,NULL,NULL,"67","1196","4","1","2021-08-20 05:21:12.719025","2021-09-17 06:51:30.423540"
"1198","Kata Containers - secure container beyond secure","Kata Containersは、安全なコンテナランタイムを構築するためのオープンソースプロジェクトです。 このトピックでは、最初にKata Containersとは何か、およびDocker/runcの違いを紹介します。 一般に、Kata Containersはセキュアコンテナと呼ばれますが、実際、Kata Containersはruncよりも安全であるだけでなく、その強力な分離機能により、runcでは困難なより多くの価値をもたらすことができます。 第2部では、Kata Containersの分離の詳細（リソースの分離、パフォーマンスの分離、障害の分離）と、Ant GroupでKata Containersを大規模に実行する方法について説明します。",NULL,"08:20:00","09:00:00","32","45","2021-08-23 06:51:39","2021-10-21 08:12:56","4","12","21","1","https://speakerdeck.com/liubin/kata-containers-secure-container-beyond-secure","1",NULL,NULL,NULL,NULL,"69","1198","4","1","2021-08-23 06:51:39.263949","2021-09-17 06:51:30.461915"
"1201","クラウドネイティブが強み！イマドキの銀行システムの姿","今年５月に開業したみんなの銀行。我々が目指す先は、宇宙一お客様のことを考える銀行であり、そもそも今の時代において、『銀行って何？』から再定義することを目的として設立しました。システムも従来の重厚長大なシステムに捕らわれず、「今の時代」に最適な組み合わせを選択した結果、フルクラウド銀行システムが誕生しました。その姿と今後の組織の展望をお話しします。",NULL,"03:00:00","03:20:00","32","54","2021-08-25 01:06:39","2021-10-05 04:23:21","4","11","20","1",,"1",NULL,NULL,NULL,NULL,"72","1201","4","1","2021-08-25 01:06:39.545462","2021-09-17 07:03:04.650821"
"1202","ステートフルアプリ on Kubernetesの現在と今後の展望 〜ステートフルの苦手意識を吹っ飛ばそう〜","もう、コンテナがステートフルアプリが苦手という時代は終わりました。
しかし、まだまだ苦手と思い込んでいる人も少なからずいます。
そこで、本講演では、この苦手意識をなくすためにKubernetesにてステートフルアプリを実行するにあたり、データを保持するために重要な鍵となる永続ボリュームを中心に、提供機能やアーキテクチャ、運用に向けた注意ポイント、今後の展望について紹介します。",NULL,"03:20:00","03:40:00","32","54","2021-08-25 03:43:56","2021-09-29 00:55:13","4","12","20","1",NULL,"1",NULL,NULL,NULL,NULL,"73","1202","4","1","2021-08-25 03:43:56.537286","2021-09-17 07:03:04.668705"
"1203","Mableの高速開発を支えるプラットフォーム","三菱UFJ銀行は安心できるお金の自動管理アプリ【Mable（メイブル）】を2020年9月にリリースしました。当サービスでは、実行環境としてAWSやOpenShiftなどを活用しています。活用にあたってのビジネス面、システム面の背景や実現したこと、設計ポイントや今後のロードマップについてお話しします。",NULL,"03:20:00","03:40:00","31","54","2021-08-25 11:37:30","2021-09-29 12:18:05","4","11","20","1",,"1",NULL,NULL,NULL,NULL,"74","1203","4","1","2021-08-25 11:37:30.549881","2021-09-17 07:03:04.686017"
"1204","世界中のユーザーが快適に利用できるクラウドネイティブなシステムを目指して","「家族アルバム みてね」は2015年4月にサービスを開始し、2021年3月に利用者数が1,000万人を突破しました。世界150か国以上でサービスを提供し、写真・動画の月間アップロード枚数は、2020年12月時点で1.4億枚に達しています。2020年から2021年にかけては、7つのサービス・機能をリリースし、3つのサービス・機能をアップデートしました。本セッションでは、このように新機能の開発スピードの加速や、海外での利用者数も伸びている中で、SREチームが取り組んできたKubernetes(Amazon EKS)への移行と運用、Observabilityの実現について紹介します。",NULL,"03:00:00","03:20:00","31","54","2021-08-26 01:53:18","2021-10-20 01:09:35","4","12","20","1","https://speakerdeck.com/isaoshimizu/cndt2021","1",NULL,NULL,NULL,NULL,"75","1204","4","1","2021-08-26 01:53:18.520796","2021-09-17 07:03:04.702838"
"1206","クラウド時代のアプリケーションログ埋め込みと活用法","クラウド上のバックエンドアプリケーションの開発者を対象に、リリース後のトラブルシューティングで泣かないための、アプリケーションログの埋め込みと検索について解説します。また実運用での事例についても紹介します。",NULL,"09:40:00","10:00:00","32","44","2021-08-27 08:39:57","2021-09-29 00:00:46","4","11","25","1",NULL,"1",NULL,NULL,NULL,NULL,"77","1206","4","1","2021-08-27 08:39:57.274905","2021-09-17 06:51:30.542053"
"1207","Kubernetesオペレータのアンチパターン＆ベストプラクティス","サイボウズではMOCO（MySQLオペレータ）やTopLVM（CSIプラグイン）をはじめとする数多くのカスタムコントローラやオペレータを開発し、RookやVictoriaMetrics Operator, ECKなどサードパーティ製のオペレータを含め、本番環境で運用しています。
それらの開発や運用の中で様々な問題に直面し、安定運用の維持に必要な対応をおこなってきました。
本発表ではこれまでの経験からチームが学んだKubernetesオペレータのアンチパターンとベストプラクティスを紹介します。",NULL,"08:20:00","09:00:00","32","38","2021-08-27 10:27:19","2021-09-29 01:05:23","4","11","20","1",NULL,"1",NULL,NULL,NULL,NULL,"78","1207","4","1","2021-08-27 10:27:19.292086","2021-09-17 06:51:30.567184"
"1208","How We Harden Platform Security at Mercari","At Mercari, we've been building internal development platform top on Kubernetes and Cloud native ecosystem for more than 3 years. The history of building the platform is the history of security hardening. In this session, I'm going to introduce what kind of security hardening we've implemented from basic k8s manifest security policy enforcement to supply chain integrity checking, IaC automation security, and zero-touch-based access automation. ",NULL,"03:40:00","04:00:00","31","54","2021-08-30 10:38:54","2021-10-08 05:14:13","4","11","20","1",,"1",NULL,NULL,NULL,NULL,"79","1208","4","1","2021-08-30 10:38:54.262052","2021-09-17 07:03:04.730528"
"1209","KubeCon NAの振り返りー最新のクラウドネイティブ界隈の状況をお伝えします。","10月に行われたKubeCon NAに現地で取材した情報を共有したいと思います。可能であれば複数人でラウンドテーブル的な座談会にできればと思います。",NULL,"08:20:00","09:00:00","31","53","2021-08-30 23:24:28","2021-10-26 06:33:20","4","12","23","1","https://docs.google.com/presentation/d/1nIYBM4vHxG8Mq4Ju4BsEu6uN4ZaOcqphSljZJhpZ7x0/edit?usp=sharing","1",NULL,NULL,NULL,NULL,"80","1209","4","1","2021-08-30 23:24:28.696810","2021-09-17 06:51:30.599041"
"1210","Kubernetes Cost Optimization（知っておきたいコンテナコスト最適化技術）","大規模な業務システムでもKubernetesを活用したコンテナ基盤を運用する事例が増えてきました。Kubernetesをうまく活用することで、クラウドネイティブな開発手法を取り入れつつ柔軟なインフラ構成を取ることで、システム要件に応じたコスト削減が実現できます。ただし、アプリケーションを安定稼働させつつコンピューティングリソースを最適化するためには、Kubernetesのしくみだけでなく、アプリケーション観点での考慮事項やクラウドの提供機能についても把握する必要があります。

本セッションでは、Kubernetesを活用したシステムのコストを最適化するポイントとして大規模映像解析ソリューション「Vision Data+」の開発を通して得たNode Pool/HPA/Cluster Autoscaler/Spot Instance/Pod Disruption Budget/KEDAや、リソース/コストの監視・ガバナンスとポリシー設定など、気になるコンテナコスト最適化のあれこれをご紹介します。 ",NULL,"09:20:00","09:40:00","31","43","2021-08-31 11:35:57","2021-10-28 04:58:05","4","12","22","1","https://www.slideshare.net/shihoasa/kubernetes-cost-optimization","1",NULL,NULL,NULL,NULL,"81","1210","4","1","2021-08-31 11:35:57.371737","2021-09-17 06:51:30.623831"
"1211","チームで作ってメンテするカスタムコントローラ","Kubernetesのカスタムコントローラ、作ってますか？
この手の開発は慣れている人に任せてしまったり、特定の人しかメンテナンスできない状態になってしまっていたりしませんか？

私たちのチームは、元はカスタムコントローラ開発どころかgolangでのコーディング経験もないメンバーが大半だったのですが、メンバー間で開発の分担や知識共有を適宜行うことで今では全メンバーが開発およびメンテナンスができる状態になっています。
これにより自動化できると思ったら積極的にコントローラ開発を行うチームの体制が出来上がり、K8sクラスタの運用コスト低減に繋げられています。

本セッションでは私たちがカスタムコントローラ開発においてどのように作業を分担・知識共有を行ないチーム全体でカスタムコントローラ開発の理解を深められたかをお話させていただこうと思います。
皆さんのチームの参考になりましたら幸いです。",NULL,"06:20:00","06:40:00","31","53","2021-09-01 10:06:43","2021-09-29 01:00:03","4","12","25","1",NULL,"1",NULL,NULL,NULL,NULL,"82","1211","4","1","2021-09-01 10:06:43.975967","2021-09-17 06:51:30.652146"
"1212","クラウドネイティブ × 持続可能なセルフサービス型データ分析ジョブプラットフォームの設計プラクティス","リクルートにおけるデータ活用の多様化とデータによる意思決定を加速させるためには、それを支える汎用的なデータプラットフォームが必要です。これらを実現するために我々のチームではセルフサービス型のジョブプラットフォームを開発・運用しています。セルフサービス型ジョブプラットフォームとは、プラットフォーム開発者を介することなく、データサイエンティストやデータプランナーが自由にデータを処理するためのジョブを開発・運用できるようにするための社内向け PaaS です。本セッションでは基盤の安定性と開発効率・データ活用のアジリティを高める設計思想と GoogleCloud/Kubernetes/ApacheAirflow2 などを利用した実装詳細、運用知見をご紹介します。",NULL,"06:20:00","07:00:00","32","49","2021-09-01 10:16:21","2021-09-29 00:59:34","4","11","22","1",NULL,"1",NULL,NULL,NULL,NULL,"83","1212","4","1","2021-09-01 10:16:21.648199","2021-09-17 06:51:30.675773"
"1238","Argo CD Deep Dive","Argo CDについて公式のdocumentにかかれている以上に詳細なアーキテクチャ、注意事項などについて
コードリーディングを通して分かったことを解説します。
セッションでは以下の２つを行います
1. Argo CD自体の紹介とアーキテクチャについて解説
  - Argo CDを実際にstaging/production運用するための構成についても触れます
3. Argo CDのいくつかのAPI EndpointをとりあげてArgoCDの動作の流れを紹介
  - ついでにArgoCDのコードリーディングする際の勘所もお伝えします",NULL,"08:20:00","09:00:00","32","37","2021-09-03 02:36:38","2021-09-29 01:04:06","4","11","24","1",NULL,"1",NULL,NULL,NULL,NULL,"85","1238","4","1","2021-09-03 02:36:38.638767","2021-09-17 06:51:30.709327"
"1242","クラウドネイティブ時代の大規模ウォーターフォール開発","アジャイル開発の手法は日本でも徐々に浸透しつつありますが、大規模な開発プロジェクトにおいてウォーターフォール開発はまだ主流派です。昨今はアジャイル開発のプラクティスを取り込んで効率化を目指す動きも活発になってきていますが、様々な障壁が待ち構えており困難を極めることも少なくありません。本セッションでは、大規模ウォーターフォール開発プロジェクトにけるCI/CD適用における障壁や回避策、ブランチ戦略の立て方の勘所を紹介します。",NULL,"09:20:00","10:00:00","31","37","2021-09-04 12:55:01","2021-09-29 11:39:59","4","11","24","1",,"1",NULL,NULL,NULL,NULL,"89","1242","4","1","2021-09-04 12:55:01.666091","2021-09-17 06:51:30.756010"
"1243","CiliumによるKubernetes Network Policyの実現","KubernetesではPodに関する通信をNetwork Policyと呼ばれるリソースを用いて制御することができます。
本講演ではこのNetwork Policyの説明をした後、CNIプラグインの一つであるCiliumを取り上げ、Network Policyの拡張であるCilium Network Policyについて、その機能やeBPFを活用した内部の実装について紹介します。",NULL,"09:20:00","10:00:00","32","42","2021-09-05 02:25:25","2021-10-15 03:13:29","4","12","23","1",,"1",NULL,NULL,NULL,NULL,"90","1243","4","1","2021-09-05 02:25:25.817105","2021-09-17 06:51:30.780023"
"1244","Kubernetesコントローラーを「手軽に」自動テストする","Kubernetesのカスタムコントローラーを使って、さまざまな自動化に取り組んでいると思います。
ところが、作成したコントローラーはクラスタなしでは動作しないので、自動テストを実装するのが難しくなります。
開発時から導入でき、CI上でも簡単に利用できるコントローラーの自動テストの手法について提案します。
対象者は、Kubernetesコントローラーをこれから書きたい方や、
普段コントローラーを開発しているが、自動テストを活用できていない方です。
",NULL,"06:40:00","07:00:00","32","38","2021-09-05 08:29:10","2021-09-29 00:56:30","4","12","25","1",NULL,"1",NULL,NULL,NULL,NULL,"91","1244","4","1","2021-09-05 08:29:10.197099","2021-09-17 06:51:30.807715"
"1245","VS Codeで実践！Kubernetes上のアプリのデバッグ実行手法","Kubernetes上で複数のマイクロサービスが協調動作する環境が一般的になってきました。その環境上でしか動作しないアプリケーションを、開発時のようにステップ実行してデバッグすること（以下、デバッグ実行）を諦めている方も多いと思います。VS Codeでは、Kubernetes上でアプリケーションをデバッグ実行する拡張機能が複数公開されています。本セッションでは、以下の3つのデバッグ実行の手法について、方法とその制約を解説、実演します。

- 拡張機能『Cloud Code』を使う
- kubectl port-forward を使う
- 拡張機能『Bridge To Kubernetes』を使う

ただし、本セッションでも本番環境のコンテナを直接デバッグ実行する方法については触れません。開発、ステージング環境など、ある程度構成を変更可能な環境を対象とします。",NULL,"06:40:00","07:00:00","31","44","2021-09-05 08:37:59","2021-09-28 23:55:35","4","12","20","1",NULL,"1",NULL,NULL,NULL,NULL,"92","1245","4","1","2021-09-05 08:37:59.494859","2021-09-17 06:51:30.839113"
"1246","Amazon EKS を活用した個人開発環境の整備と自動化への取り組み","Retty 株式会社では開発者個人の開発環境を Amazon EKS 上に構築し、払い出しています。また開発に使用する開発用データベースを毎月自動的に更新する仕組みも整備しています。
本セッションでは社内で広く使われている個人開発環境の概要から運用自動化の取り組みを紹介します。

・個人開発環境の概要
・Amazon EKS, EC2 Spot Instance の活用事例
・aws-load-balancer-controller と kubernetes-ingress (nginx) の活用事例
・Ansible k8s モジュールを使用した k8s リソースのプロビジョニングと開発環境払い出しの自動化
・AWS Step Functions と AWS Lambda を使用した開発用データべース更新の自動化

Retty の開発にあたってはメインのアプリケーション以外にも必要な API や依存する外部システムが多く存在するため、まとめて開発できる環境を Amazon EKS 上に構築し、それを開発者に払い出す形を取っています。
昔は手作業が多かったですが、今では数行の PR を出すだけで環境の追加や削除が行えるようになりました。

苦労したポイントや工夫したポイントなど幅広くお話できればと思っています。",NULL,"08:20:00","09:00:00","32","44","2021-09-06 02:34:55","2021-09-29 00:48:09","4","12","24","1",NULL,"1",NULL,NULL,NULL,NULL,"93","1246","4","1","2021-09-06 02:34:55.674183","2021-09-17 06:51:30.864366"
"1250","eStargzイメージとlazy pullingによる高速なコンテナ起動","コンテナイメージのpullはコンテナ起動処理のうち時間のかかるもののひとつです。この問題を解決するため、pull完了を待たずにコンテナ実行を可能にする高速なイメージ配布手法「lazy pulling」と、それを実現するOCI互換イメージ「eStargz」の開発がコミュニティで進められており、Kubernetes, k3s, containerd, CRI-O, Podman, BuildKitなど様々なツールで利用可能になっています。本セッションではそれら様々なツールでのeStargz利用や仕組み、標準化議論動向に至るまで徹底的に掘り下げます。",NULL,"09:20:00","09:40:00","32","45","2021-09-07 01:48:49","2021-10-11 13:44:50","4","12","21","1",,"1",NULL,NULL,NULL,NULL,"97","1250","4","1","2021-09-07 01:48:49.774989","2021-09-17 06:51:30.905172"
"1251","クラウドネイティブの複雑さに向き合うあなたへ","クラウドネイティブなアプローチを導入したシステムの構築にも慣れてきた頃。気がつけば存在している見知らぬリソース、増え続けるマイクロサービス、管理しきれないInfrastructure as Code、乱立するGitリポジトリ、動かないまま放置されたCI/CDパイプライン、誰も見ないモニタリングダッシュボード……。

変化し続けるビジネスニーズに応えられるような、変更に強いシステムを構築していたはずが、いつの間にか複雑なものになってしまったと感じているあなたへ。本セッションでは、クラウドネイティブな実践を続けていくために大切にすべきポイントについて考えていきます。",NULL,"06:20:00","06:40:00","31","53","2021-09-07 11:34:58","2021-09-29 00:43:41","4","12","21","1",NULL,"1",NULL,NULL,NULL,NULL,"98","1251","4","1","2021-09-07 11:34:58.711612","2021-09-17 06:51:30.931041"
"1252","Grafana Lokiで構築する1日20TBの大規模ログモニタリング基盤","LINEのPrivate CloudであるVerdaでは1日約20TBものログを集計する必要があります。
この要件に応えつつ将来的にもスケールさせられるように、我々はGrafana Lokiを活用しています。
しかし、現在は決して情報が充実しているとは言えません。
そこで我々が大規模環境下で運用するために検証してきた知見について、ドキュメントから読み取れない仕組みなども交えてご紹介します。",NULL,"06:20:00","07:00:00","32","43","2021-09-07 12:05:47","2021-10-23 01:11:08","4","11","24","1",,"1",NULL,NULL,NULL,NULL,"99","1252","4","1","2021-09-07 12:05:47.303097","2021-09-17 06:51:30.959622"
"1253","故障・並行実行への耐性を備えるマイクロサービストランザクション","マイクロサービスで分散トランザクションを実現する場合、単純にSagaを適用して補償トランザクションを実行する以上に検討しなければいけないことがあります。
本セッションでは、そもそも分散トランザクションが必要となった背景である、「分散環境の不整合」と、その原因となる故障・並行実行の理論に着目します。
そして、そこから導き出される、マイクロサービスが備えるべき、機能・検討項目を紹介します。",NULL,"09:40:00","10:00:00","32","40","2021-09-07 14:06:58","2021-10-21 07:08:12","4","12","25","1",,"1",NULL,NULL,NULL,NULL,"100","1253","4","1","2021-09-07 14:06:58.228785","2021-09-17 06:51:30.988190"
"1254","Anthos を使ったエンタープライズ向けクラスタの設計とアップグレード戦略のススメ","GCP でマイクロサービスの実行環境を構築する際、GKE + Anthos Service Mesh (ASM) の組み合わせは有力な選択肢のひとつです。 
このセッションでは、GKE + ASM によるエンタープライズ向けのクラスタ設計と、運用で避けては通れないクラスタアップグレードのプラクティスをご紹介します。
GCP および サービスメッシュ (Istio) の基礎知識がある方を対象に、より上手く GKE を設計・運用するための一助となれば幸いです。",NULL,"06:20:00","07:00:00","32","49","2021-09-07 15:33:39","2021-09-29 00:41:32","4","11","23","1",NULL,"1",NULL,NULL,NULL,NULL,"101","1254","4","1","2021-09-07 15:33:39.542920","2021-09-17 06:51:31.016486"
"1255","「ホットペッパービューティー」美容クリニックでのSRE活動","本講演ではこれからSRE活動を始めていこうとしている方にとって役立つ事例紹介をさせていただきます。

今回はホットペッパービューティーの美容クリニックのカウンセリング予約ができるサービス（以降、美容クリニック）のリリースから現在に至るまで、SREが取り組んできた活動のいくつかを、利用しているクラウド技術を交えながら発表いたします。

もともとはサーバサイドエンジニアとして開発を行っていた私は、美容クリニックにて初めてSREを担当し、現在に至るまでに試行錯誤しつつも様々なSRE活動に取り組んできました。
経験がない状態でSREチームを組閣し、SLI/SLOの策定からモニタリング環境整備まで、技術/非技術問わず、美容クリニックのSREがこれまで何をやってきたのかを具体的な事例を挙げて紹介いたします。",NULL,"06:40:00","07:00:00","31","53","2021-09-08 01:09:48","2021-09-29 00:17:50","4","12","21","1",NULL,"1",NULL,NULL,NULL,NULL,"102","1255","4","1","2021-09-08 01:09:48.065293","2021-09-17 06:51:31.045859"
"1256","EC2で稼働していたRailsアプリをECSに移行した話","2020年にEC2で稼働していたRailsアプリケーションをコンテナ化、Amazon ECSに移行して現在は運用フェーズに入っています。コンテナ管理、デプロイパイプライン、スケジュール実行、作業用コンテナなどの要素を中心に技術選定、設計、実装の観点からAWSにおけるコンテナ移行の知見を共有します。また、実際に運用して見えてきた課題、その解決策についてもお話します。",NULL,"09:40:00","10:00:00","32","43","2021-09-08 01:43:09","2021-10-04 04:01:16","4","12","22","1",,"1",NULL,NULL,NULL,NULL,"103","1256","4","1","2021-09-08 01:43:09.032108","2021-09-17 06:51:31.070196"
"1257","COSI (Container Object Storage Interface) で広がる永続ストレージの世界","既にKubernetesを使っている方は、多かれ少なかれオンデマンドにPersistent Volumeを使われていることでしょう。
本講演ではPersisten Volumeと同様にオブジェクトストレージを扱うための標準である、COSIのお話しをします。
Kubernetesでオブジェクトストレージのライフサイクルを管理することによって、ストレージの選択肢の広がりを感じましょう。",NULL,"08:20:00","09:00:00","32","48","2021-09-08 02:52:20","2021-10-21 06:02:01","4","12","20","1",,"1",NULL,NULL,NULL,NULL,"104","1257","4","1","2021-09-08 02:52:20.782721","2021-09-17 06:51:31.098090"
"1258","マイクロサービスにおける分散トランザクションライブラリ","マイクロサービスアーキテクチャにおいてマイクロサービス間のデータの整合性を保証するには、Sagaパターン等を用いる方法および分散トランザクションを用いる等の方法があります。本講演では、分散トランザクションを用いる方法の一つとして、Scalar DBと呼ばれるライブラリを用いて行う方法について、その仕組みや使い方を説明します。",NULL,"09:20:00","10:00:00","32","48","2021-09-08 06:10:17","2021-09-29 00:38:42","4","12","20","1",NULL,"1",NULL,NULL,NULL,NULL,"105","1258","4","1","2021-09-08 06:10:17.821507","2021-09-24 08:35:35.337298"
"1259","カオスエンジニアリングによる高信頼を目指して〜クレジットカード会社がChaosMeshを使ってみて","JCBではお客様に価値あるサービスを迅速に提供するため、Kubernetesをはじめとするクラウドネイティブ技術を用いたアジャイル開発を行っています。その一つとして昨今改めて注目を集めるカオスエンジニアリングによる信頼性向上にも取り組んでいます。本発表ではJCBがカオスエンジニアリングに取り組むに至った背景や、ChaosMeshを使ってみた知見をご紹介します。",NULL,"09:20:00","09:40:00","32","43","2021-09-08 06:10:21","2021-10-14 09:31:44","4","12","25","1",,"1",NULL,NULL,NULL,NULL,"106","1259","4","1","2021-09-08 06:10:21.538404","2021-09-17 06:51:31.135273"
"1260","インシデントレスポンスを自動化で支援する - Slack Bot で人機一体なセキュリティ対策を実現する","「障害対応で同僚とのコミュニケーションがごちゃごちゃして混乱することがる」
「緊急対応のフローやマニュアルが、あるがうまく活用されていない」

こんな心当たりはありませんか? 

GMOペパボではクラウドネイティブ化の取り組むをすすめる側、インシデント対応の自動化にも取り組んでいます。障害やセキュリティインシデント対応の初動で sssbot (内製の Slack Bot ) を呼び出し、インシデントの進行から解決、postmortem 実施までを自動でします。緊急時のコミュニケーションを支援する Slack Bot の設計・実装、インシデントレスポンスのベストプラクティス、DevSecOps を回す組織文化について ペパボの事例を紹介します。",NULL,"08:20:00","09:00:00","32","46","2021-09-08 07:16:38","2021-09-29 00:50:53","4","11","21","1",NULL,"1",NULL,NULL,NULL,NULL,"107","1260","4","1","2021-09-08 07:16:38.598852","2021-09-17 06:51:31.160443"
"1261","Towards a Stable Application Platform for IoT Devices","Software for embedded systems has been developed in a low level and monolithic way. Firmware is written by a single vendor, and typically not updated frequently. Modern IoT devices are constantly connected to the cloud, and OTA updates are possible anytime. Modern IoT devices may be customized, by 3rd parties, becoming true ""platforms"". However, the software development paradigm has not kept pace with this trend. Typical IoT devices do not have full Linux capabilities, no MMU, and thus no HW based isolation. Wasm enables the creation of truly customizable devices.

On the server/cloud side, the platforms are relatively uniform - x86 ISA and Linux OS - and the OS can be the abstraction layer. In the IoT domain, that is not the case. IoT device platforms are very heterogeneous. On the ISA side there is at least ARM (32 and 64 bit), RISC-V, Xtensa. On the OS side, there are a myriad of RTOSs. The platform abstraction must be at a higher layer. Again Wasm can be the abstraction layer for applications on such platforms.

We have created a framework and SDK for AI App development. We have benchmarked the performance on ESP32 and on ARM A7. There is a performance penalty and memory overhead vs native, but it is very much acceptable - within a factor of 2. We believe that Wasm will play a key role in IoT development.",NULL,"09:40:00","10:00:00","32","39","2021-09-08 08:26:13","2021-10-25 13:00:43","4","12","21","1",,"1",NULL,NULL,NULL,NULL,"108","1261","4","1","2021-09-08 08:26:13.022874","2021-09-17 06:51:31.184029"
"1263","ねえぺんぎんさん、Prometheusのストレージって何使えばいいの？🐧","Kubernetesやパブリッククラウドのモニタリングシステムとして、デファクトとなったPrometheus。
小さな環境から大規模な環境まで利用でき、様々なエコシステムも登場して日々使いやすくなっています。

しかし、そんなPrometheusの運用で課題となるのは、「ストレージ」でしょう。
ローカルのTSDBはなぜだめなのか？リモートストレージに最適なデータベースはなにか
Prometheusのストレージにフォーカスして、様々なソフトウェアや、サービスの比較を解説します。",NULL,"09:20:00","10:00:00","32","43","2021-09-08 09:00:05","2021-09-29 00:16:46","4","11","22","1",NULL,"1",NULL,NULL,NULL,NULL,"110","1263","4","1","2021-09-08 09:00:05.310561","2021-09-17 06:51:31.217003"
"1264","脅威モデリングで考える Kubernetes セキュリティ","システムがクラウドネイティブに移行すると、Attack Surface や攻撃手法も変化します。「どこを守るべきなのか」「どういうセキュリティ設定をすればいいのか」など、セキュリティについて悩まれた方は多いと思います。
この問題へのアプローチとして、脅威モデリングを使った潜在的な脅威の特定が有効です。本セッションでは脅威モデリングへの取り組み方の紹介や、Kubernetes クラスタの脅威モデリングを通して、そのセキュリティについて俯瞰し、具体的な攻撃手法と対策について取り上げます。Kubernetes クラスタへの攻撃手法やその対策、新規・既存サービスでの脅威モデリングの取り組み方について知りたい方にご参考になれば幸いです。",NULL,"09:20:00","09:40:00","31","46","2021-09-08 09:44:10","2021-09-29 00:13:43","4","11","21","1",NULL,"1",NULL,NULL,NULL,NULL,"111","1264","4","1","2021-09-08 09:44:10.311029","2021-09-17 06:51:31.241794"
"1265","Kubernetesのワーカーノードを自動修復するために必要だったこと","CyberAgentではプライベートクラウド上で多数のKubernetesクラスタが稼働しており、ノードの自動修復機能を実装することで運用コストを削減しました。本発表では、似たような自動修復を実現したいオンプレミスKubernetesの運用者にむけて、KubernetesにおけるノードのNotReadyの定義から、OverlayFSで実現した再起動でディスクの変更が揮発する仕組みまで紹介します。",NULL,"06:20:00","06:40:00","32","43","2021-09-08 10:08:52","2021-10-20 11:49:45","4","12","22","1",,"1",NULL,NULL,NULL,NULL,"112","1265","4","1","2021-09-08 10:08:52.257172","2021-09-17 06:51:31.270514"
"1268","ゲーム開発におけるクラウドネイティブな CI/CD の最新動向","今日のゲーム開発で大きなシェアを占める Unity や Unreal Engine といったゲームエンジン・ミドルウェアは、Windows ないし macOS デスクトップの GUI 開発環境を前提としたものが多く、コンテナを多用するクラウドネイティブな CI/CD とは縁遠い感覚がありましたが、時代は変わりつつあります。

例えば Unity はベータ版ながら Linux 版の Editor を継続してリリースしており、コンテナ環境で CI/CD を行う事例が多く見られるようになりました。また Unreal Engine では有志による unrealcontainers.com のコンテナ環境が 8 月リリースの 4.27より公式にサポートされるなど、ベンダ自身がクラウドネイティブな開発環境の整備に力を入れてきています。

本講演ではこのような業界の最新の動向を反映したクラウドネイティブなゲーム開発の CI/CD について解説します。またゲーム開発に特徴的な Windows コンテナや GPU の活用など、一般的ではないトピックについても取り上げます。
",NULL,"09:40:00","10:00:00","32","37","2021-09-08 11:55:08","2021-09-29 00:04:06","4","12","24","1",NULL,"1",NULL,NULL,NULL,NULL,"115","1268","4","1","2021-09-08 11:55:08.381780","2021-09-17 06:51:31.312298"
"1269","Fluentd/Fluent Bitで実現する楽なKubernetesのログ運用","コンテナ運用で避けては通れないのがログ監視です。しかし、Kubernetesそのものは、ログの管理や収集に関する機能をほとんど提供していません。

そこで登場するのがFluentd/Fluent Bitです。どちらもログを転送するためのデーモンプログラムで、CNCF傘下のプロジェクトとして開発されています。

今回の講演では、Fluentd/Fluent Bitをどのように活用すればうまくログを収集できるのかを解説します。
",NULL,"09:20:00","09:40:00","31","43","2021-09-08 12:39:54","2021-09-29 00:00:45","4","11","25","1",NULL,"1",NULL,NULL,NULL,NULL,"116","1269","4","1","2021-09-08 12:39:54.924937","2021-09-17 06:51:31.336767"
"1272","使いこなせ！Argo Workflows","Argo Workflows を使えば Kubernetes 上でパイプライン処理を手軽に構築することが可能です。本セッションでは Argo Workflows の基本的な使い方から設定すべきポイントまでを個人的な視点で解説します。また Argo Events と組み合わせた構築例も紹介し、少し複雑なケースでの Argo Workflows の使い方も解説します。",NULL,"09:20:00","10:00:00","32","49","2021-09-08 13:09:26","2021-09-28 23:57:44","4","11","23","1",NULL,"1",NULL,NULL,NULL,NULL,"119","1272","4","1","2021-09-08 13:09:26.135957","2021-09-17 06:51:31.377493"
"1275","レガシーなバッチ処理をB/Gデプロイメントなk8sクラスタで実現する","KubernetesのCronJobで、冪等ではないレガシーなバッチ処理を実行していませんか？

DNS Routingの切り替えによるB/Gデプロイメントを採用している場合、CronJobがブルー/グリーンのどちらのクラスタでも存在することになるため、冪等ではないバッチ処理が2回実行されることになってしまいます。

本セッションでは、冪等ではないCronJobがある場合でもAdmission Webhookを用いてアクティブなクラスタでのみバッチ処理を行うようにすることで、簡単にB/Gデプロイメントを実現する手法についてお話します。",NULL,"06:20:00","06:40:00","31","38","2021-09-08 14:13:06","2021-10-14 07:37:27","4","12","20","1",,"1",NULL,NULL,NULL,NULL,"122","1275","4","1","2021-09-08 14:13:06.883648","2021-09-17 06:51:31.435838"
"1276","Kubernetesエコシステムのバージョン追従と柔軟な管理への挑戦","Kubernetesにデプロイしたエコシステムのバージョンアップは継続的に最小限の労力で頻繁に行えていますか？

複数のエコシステムのデプロイや、複数のクラスタに対するデプロイを柔軟に行えていますか？

CyberAgentでは、マネージドKubernetesサービスを提供するAKEを提供しています。
ユーザに対して様々なカスタマイズを行った状態で、かつ最新機能が利用できる状態でクラスタを提供する必要があります。

このセッションでは私達のエコシステム管理の経験から、次の2つをトピックとして提供します。

1.
Kubernetesのエコシステム自体を継続的にアップデートすることは重要です。
その仕組みを整備し、Platformも継続的に進化させ続ける、すなわちPlatform側のCloudNative化を推進した事例を紹介します。

2.
AKEではエコシステムは全てGitOps + Argo CD ApplicationSet Controllerで管理する方式に変更しました。
これにより、複数のアプリケーションを個別にカスタマイズしてデプロイしたり、複数のクラスタに対してデプロイすることを可能にしています。
ApplicationSetについてDeepDiveしながら、柔軟なエコシステムの管理について紹介します。",NULL,"08:20:00","09:00:00","32","49","2021-09-08 14:39:43","2021-09-28 23:54:19","4","12","25","1",NULL,"1",NULL,NULL,NULL,NULL,"123","1276","4","1","2021-09-08 14:39:43.678836","2021-09-17 06:51:31.460830"
"1277","記述集合論に基づく分散システムの階層的特徴付け","分散システムの仕様を厳密に記述し自動的に検査する方法論は、古くからの研究テーマである。古典的には時相論理を用いた安全性と活性による定式化が知られていたが、1993 年に Chang らによって提案された Borel 階層による特徴付けは、分散システムの直感的な挙動と数学的な概念との対応をより深く説明している点で興味深い。本講演では、どこかで聞いたような分散システムの解説に飽きてきた中上級者に向け、Chang らの元論文とその関連研究をサーベイする。",NULL,"06:20:00","07:00:00","33","53","2021-09-08 14:51:07","2021-09-28 23:56:37","4","12","24","1",,"1",NULL,NULL,NULL,NULL,"124","1277","4","1","2021-09-08 14:51:08.011149","2021-09-17 06:51:31.486776"
"1279","クラウドを最大限活用するInfrastructure as Codeを考えよう","本セッションでは、Terraform、Pulumi、Kustomize、CrossplaneなどといったInfrastructure as Codeを取り巻くエコシステムを分析し、パブリッククラウドやKubernetesの力を最大限に引き出すためのツールスタックをどう組み上げていくか考察します。
さらに、NTTコミュニケーションズがいくつもの本番環境で実践してきたCUE言語を使った新しい形のInfrastructure as Codeをデモンストレーションいたします。",NULL,"08:20:00","09:00:00","32","49","2021-09-08 14:59:23","2021-10-24 22:20:37","4","11","23","1",,"1",NULL,NULL,NULL,NULL,"126","1279","4","1","2021-09-08 14:59:23.802348","2021-09-17 06:51:31.521874"
"1280","クラウドネイティブって？","クラウドネイティブという言葉の定義を軸に、CNCF、DevOps、CI/CD、Microservice、Observabilityを、一緒に40分で整理してみませんか？その意味と手法や技術がどう関わって、クラウドネイティブを実現するのかを。",NULL,"06:20:00","07:00:00","31","53","2021-09-08 15:00:03","2021-10-19 00:20:57","4","11","21","1",,"1",NULL,NULL,NULL,NULL,"127","1280","4","1","2021-09-08 15:00:03.319132","2021-09-17 06:51:31.547547"
"1281","Kubernetes On-premises is Hardway?","話し手は所属する企業において、Kubernetesクラスタの構築、保守を行うコマンドの開発を行っています。その内容は初期構築だけにとどまらず、アップデートや、セキュリティ面の担保まで多岐にわたります。バージョンアップの頻度が高いKubernetesにおいて、どのように日々の運用を行っているかを紹介します。",NULL,"04:20:00","04:40:00","31","54","2021-09-16 02:03:48","2021-10-20 10:13:26","4","12","20","1",,"1",NULL,NULL,NULL,NULL,"128","1281","4","1","2021-09-16 02:03:48.065929","2021-09-17 07:03:04.860603"
"1282","スタンバイにおけるECS on FargateからEKS on Fargateへ移行した話","株式会社スタンバイでは、2021年5月から求人検索エンジン「スタンバイ」をEKS on Fargateへ移行するプロジェクトを進めてきました。
その第一弾として一部のサービスから移行をしています。
この講演では、移行の計画、EKS on Fargateを選んだ理由、既存システムとの結合、切替方法、今後の展望などについて共有します。",NULL,"07:20:00","08:00:00","32","49","2021-09-16 04:20:36","2021-10-20 08:21:32","4","12","20","1",,"1",NULL,NULL,NULL,NULL,"129","1282","4","1","2021-09-16 04:20:36.996330","2021-09-17 07:03:04.875643"
"1283","Amazon ECSではじめるConsul Service Mesh","大規模かつ複雑化したマイクロサービスを適切に管理・統制することを目的としてネットワークレイヤーの通信障害対策やポリシーの適用が要求されるようになり、これらをサポートするために「サービスメッシュ」の概念が広まりました。

このような要求はKubernetesが動いているプラットフォームに限らず、Amazon ECSを採用したシステムでも要対応とされるケースがあり、この要件を解決する選択肢の一つとしてHashiCorp社の「Consul Service Mesh on ECS」をご紹介します。
注記: 「Consul Service Mesh on ECS」はまだTech Previewなため本番環境への導入は推奨されていません",NULL,"07:20:00","08:00:00","31","40","2021-09-16 04:22:25","2021-09-29 00:33:52","4","11","20","1",,"1",NULL,NULL,NULL,"77","130","1283","4","1","2021-09-16 04:22:25.794873","2021-09-17 07:03:04.901059"
"1284","コンテナネイティブストレージ Portworxの最新情報","2020年9月に発表された Pure Storage による Kubernetes 向けデータ統合プラットフォームである Portworx 買収は、Pure Storage にとって過去最大の買収となりました。Portworxは、米国・欧州を中心に既に100社以上の採用実績（内８０％以上が既に本番環境で運用中）を持ち、ミッションクリティカルな環境でお使い頂いております。本セッションでは、どのように大規模ミッションクリティカルなコンテナステートフル環境が実現可能か、Portworxの最新情報と合わせてご紹介させて頂きます。",NULL,"04:40:00","05:00:00","32","48","2021-09-16 06:30:11","2021-09-29 00:27:01","4","11","20","1",,"1",NULL,NULL,NULL,"66","131","1284","4","1","2021-09-16 06:30:11.520108","2021-09-17 07:03:04.919166"
"1285","マイクロサービスにおける信頼性の高い分散認証アーキテクチャ","LINEのプライベートクラウドプラットフォームであるVerdaは、LINEのエンジニアにいくつかのサービスを提供しています。 
・Managed Kubernetes Cluster
・仮想マシンとベアメタルマシン 
・これらのサービスは、Verdaの内部認証サービスであるKeystoneサービスに依存しています。LINEの重要なサービスをVerdaに移行するにつれ、Keystoneは信頼性の面で大きな課題を抱えており、2021年のはじめにはVerdaのコントロールプレーンにいくつかの深刻なサービス障害が発生しました。私たちはエンジニアとして、どうすればその信頼性を向上させることができるかを考え始めました。 

このセッションでは、以下のことを紹介します。  
・認証サービスに起因するコントロールプレーン停止のケーススタディ 
・障害発生時のレビューで判明したアーキテクチャ上の問題点と依存関係 
・依存関係の問題を解決するためのデカップリング手法 
・エッジ側でのステートレス検証のためのサイドカーパターン 
・デカップリングの変更によるトークン問題の改善計画 

※このセッションは通訳音声でお届けし、イベント後にオリジナル音声の英語版もYouTubeにて公開いたします",NULL,"07:20:00","08:00:00","32","49","2021-09-16 06:43:30","2021-10-18 04:53:34","4","11","23","1",,"1",NULL,NULL,NULL,NULL,"132","1285","4","1","2021-09-16 06:43:30.590953","2021-09-17 07:03:04.935901"
"1286","あなたの知らない(?)クラウドネイティブ的NGINXの世界","NGINXと言えば、リバプロ(Reverse Proxy)やWebサーバとして使われている方、あるいは名前を聞いたことがある方が多くいらっしゃると思います。
今回は敢えて、｢API Gateway｣｢Service Mesh｣に関連した使い方など、あまり事例を見かけない、あなたの知らない(?)クラウドネイティブ的なNGINX(関連ソフトウェア)の使い方を、デモを交えて紹介したいと思います。
あなたの知っているNGINXの新たな可能性をお伝えできれば幸いです。",NULL,"05:20:00","06:00:00","32","40","2021-09-16 09:15:01","2021-10-21 06:30:35","4","12","23","1","https://www.slideshare.net/CASREAL_seminar/cndt2021-casareal","1",NULL,NULL,NULL,NULL,"133","1286","4","1","2021-09-16 09:15:01.111529","2021-09-17 07:03:04.954508"
"1287","実践! Argo CD & Rollouts による canary release","freee の SRE チームでは、直近 2 年をかけて EC2 上で稼働するサービスのインフラ基盤を Kubernetes (AWS EKS) に移行するプロジェクトを進めてきました。一番規模の大きな freee会計も2021年7月に移行が完了し、 GitOps の CD ツールである Argo CD によるデプロイを行っています。インフラ基盤の刷新に加えて Argo CD を導入したことで、デプロイフローにかかる時間や手間の削減に繋がりました。現在はデプロイフローをより良くするために、canary release を検証中です。

今回はその検証をもとに、Kubernetes 上でどのようなアーキテクチャによって canary release を実現するかについてお話しします。メイントピックとなるのは Argo CD にプラスで導入した Argo Rollouts と、本番環境でも通用するトラフィック管理のソリューションになります。
",NULL,"05:20:00","06:00:00","32","37","2021-09-16 10:04:41","2021-09-29 00:21:57","4","12","24","1",,"1",NULL,NULL,NULL,"83","134","1287","4","1","2021-09-16 10:04:41.107325","2021-09-17 07:03:04.974594"
"1288","シンプルなサービスメッシュいかがですか？","皆様は日々Kubernetes上でアプリケーションの開発や運用をされておりますでしょうか？
Kubernetes上でデプロイされるマイクロサービス・モダンアプリケーションは今までとは異なり、
APIによる通信が多用され、またKubernetes内で様々な通信が行われるためプラットフォームの
運用監視や通信制御もアプリケーションに最適なものを利用する必要があります。
NGINXはそれらの課題を解決し、お客様プラットフォームにおける通信制御や運用管理を
シンプル・安定に実現いただける、NGINX Service Meshを提供しております。
本日はその特徴やメリット等わかりやすくお伝えしたいと思います。",NULL,"07:20:00","08:00:00","32","40","2021-09-17 02:16:50","2021-09-29 00:21:19","4","11","25","1",,"1",NULL,NULL,NULL,"72","135","1288","4","1","2021-09-17 02:16:50.729010","2021-09-17 07:03:04.995221"
"1289","分散トレーシングの歴史、計装、そしてその活用プラクティス","コンテナ化されたマイクロサービス環境において「分散トレーシング」という言葉は聞いたことがありますでしょうか。このセッションでは分散トレーシングが注目されてきた経緯、現在における計装の選択肢、そして活用するためのプラクティスについて、オブザーバビリティ・プラットフォームの観点からご紹介します。",NULL,"05:20:00","06:00:00","31","43","2021-09-17 02:52:04","2021-09-29 00:20:36","4","11","24","1",,"1",NULL,NULL,NULL,"64","136","1289","4","1","2021-09-17 02:52:04.424867","2021-09-17 07:03:05.017626"
"1290","CRDとoperatorで遊んでみる","CRD(Custom Resource Definition)とoperatorを使った k8s アプリのデプロイはすっかり一般的となりました。一方で、この仕組みを Pod 等の k8s リソース以外のものを操作することにも使えないかと模索されています。
本講演では、k8s リソースと関係のない operator を作成して k8s API の可能性を探ります。
",NULL,"05:20:00","06:00:00","32","38","2021-09-17 09:01:22","2021-10-07 02:23:58","4","12","25","1",,"1",NULL,NULL,NULL,NULL,"137","1290","4","1","2021-09-17 09:01:22.889160","2021-09-24 08:35:59.335010"
"1291","実践：Cloud Center of Excellence を中心としたクラウド戦略","急成長を続けるVisionalグループはそれに伴う様々な成長痛を抱えていました。特に数多くのクラウド基盤をどのように安心・安全に、かつスケールする形で利用し続けるかということは、一つの大きな課題でした。
この課題を解消し、さらに成長を続けるため、「Cloud Governance」「Cloud Practice」を会社のクラウド戦略として遂行していくことは必要不可欠です。
本セッションでは、CCoE (Cloud Center of Excellence) を遂行する組織を実践していく中で得たナレッジを、大胆にお話しします。",NULL,"07:20:00","08:00:00","32","52","2021-09-17 13:51:12","2021-10-13 01:37:19","4","12","21","1",,"1",NULL,NULL,NULL,NULL,"138","1291","4","1","2021-09-17 13:51:12.178802","2021-09-24 08:35:59.360117"
"1292","元エンジニアが思う「もっとこうしておけばよかった」から学ぶDevSecOps","アプリケーション開発者にとって、セキュリティに気を配るのはどのくらい当たり前なことでしょうか。今やしょっちゅう「DevSecOps」というワードを目にしますが、実践できていますか。
バックエンドエンジニアからデベロッパーアドボケイトになり早1年半。今の立場で色々なことを学ぶにつれて、エンジニア時代には分からなかった「あの時もっとこうしていたら良かった」「実はあの作業にはこんな意味があったのか」という気付きにたくさん出会います。それらを元に、あるあるな課題や事例からDevSecOpsを学んでみようというセッションです。",NULL,"04:00:00","04:20:00","31","46","2021-09-17 14:08:19","2021-09-29 05:14:58","4","12","20","1",,"1",NULL,NULL,NULL,"63","139","1292","4","1","2021-09-17 14:08:19.769467","2021-09-24 08:35:59.383657"
"1293","NTTデータ流 エンタープライズにおけるクラウド活用の姿","NTTデータの主たる顧客層であるミッションクリティカルなエンタープライズ領域でも、クラウドやクラウドネイティブ技術の活用は急速に進んでいます。こういったミッションクリティカル・エンタプライズ領域においては、新規技術へのチャレンジと共に、厳しい非機能やレガシー対応といった課題にも直面します。
本セッションでは、この両面の課題解決に向け、NTTデータにおいて取り組んでいるクラウド推進のための標準化・技術検証・人材育成の取組について紹介します。",NULL,"07:20:00","08:00:00","31","50","2021-09-17 14:31:30","2021-10-30 12:22:36","4","11","21","1",,"1",NULL,NULL,NULL,NULL,"140","1293","4","1","2021-09-17 14:31:30.699583","2021-09-24 08:35:59.424725"
"1294","CircleCI 2021年の新機能から見るCI/CDのトレンド","CircleCIは2021年に入ってからすでに60以上もの更新を重ね、またCD領域ではvamp社の買収を行いました。リクエストにお答えするための更新、CircleCIとしてCI/CDの未来像をこう考えているという更新。今後、どういった要素を自動化に取り込むことで、開発、運用、ビジネスに貢献しうるのかを「新機能」から紐解きます。",NULL,"04:00:00","04:20:00","31","37","2021-09-21 02:11:25","2021-10-21 22:30:01","4","11","20","1","https://speakerdeck.com/mfunaki/cdfalsetorendo","1",NULL,NULL,NULL,NULL,"141","1294","4","1","2021-09-21 02:11:25.127511","2021-09-24 08:35:59.450551"
"1295","３つのフェーズで組み立てる、オブザーバビリティ設計入門","クラウドネイティブなシステムの最大の利点は、Kubernetes に代表されるように広大なエコシステムと選択肢の多さにあります。オブザーバビリティの設計や実装も、クラウドネイティブな思想にそったアプローチが必要です。しかし、全てをオープンソースで構築するのが正解でもなく、ベンダーロックインが最適であるわけでもありません。
そこでこのセッションでは、オブザーバビリティを3つのフェーズ「収集」「保管」「分析・可視化」に分けて考え、各フェーズをつなぐ仕様を eBPF や Open Telemetry などの ”オープンな標準”に合わせて設計するメリットを解説します。",NULL,"04:20:00","04:40:00","31","43","2021-09-22 01:39:47","2021-09-29 00:38:01","4","11","20","1",,"1",NULL,NULL,NULL,"62","142","1295","4","1","2021-09-22 01:39:47.704340","2021-09-24 08:35:59.476684"
"1296","無限にスケールできるRDB(NewSQL)でやれること","スケール環境の足手まといのデータベース/ストレージ。
現在、RDBを無限にスケールできるNewSQLが普及段階に入っています。
世界で一番勢いのあるNewSQLであるTiDBの特長とどのように使われているかをご紹介します。",NULL,"05:20:00","06:00:00","32","48","2021-09-22 06:34:25","2021-09-29 00:40:45","4","11","22","1",,"1",NULL,NULL,NULL,"70","143","1296","4","1","2021-09-22 06:34:25.602234","2021-09-24 08:35:59.507488"
"1297","3-shake inc. における 「Progressive Delivery 導入までの悩みと取り組み」","3-shakeのSreakeでは、SREとしてCloudNative に特化した技術支援をしておりCI/CD を導入する機会も多々あります。

CI/CD のメリットとして、リリースコストの削減によるデプロイ頻度の向上が挙げられます。その傍ら、運用者の視点に立つとデプロイ回数が増加したことによる障害の増加は怖いものです。
CDを拡張した考え方として、Progressive Delivery があります。
 これは、B/G，Canary，etc等のデプロイ戦略をベースとして、テスト（確認や分析などを含む）しながらロールアウトを進めるという手法になります。

本セッションでは、運用者の視点に立ち「障害がシビアなサービスで、事前にテストし、リリース時のロールバックを起こし辛くする」という目的でProgressive Delivery をサポートしているOSS を比較・検証した話をします。",NULL,"05:20:00","06:00:00","32","37","2021-09-22 09:13:13","2021-10-14 05:45:47","4","11","21","1",,"1",NULL,NULL,NULL,NULL,"144","1297","4","1","2021-09-22 09:13:13.554436","2021-09-24 08:35:59.535059"
"1298","Cloud Native Adoption Journey","より特徴的なデジタルサービスを創造し、それをいち早くリリースする、更にそれを継続的に改善し続ける。そのための手段としてアプリケーション開発のモダナイゼーションやコンテナ・マイクロサービスの活用が拡がっています。特に金融業界では、競争の激化と変化に直面しているエンタープライズの多くで、継続的に改善し続けられる体制とプロセスの構築が求められています。そのためのアプローチは1度の変革ではなく、継続的な旅です。この “Cloud Native Adoption Journey” について、金融業界の事例を踏まえてご紹介します。",NULL,"04:40:00","05:00:00","32","52","2021-09-24 01:51:19","2021-10-14 23:25:50","4","12","20","1","TBD","1",NULL,NULL,NULL,NULL,"145","1298","4","1","2021-09-24 01:51:19.289442","2021-09-24 08:35:59.561164"
"1299","Kubernetesで終わるな！VMwareの最終兵器、Tanzu Application Platformの全貌！","昨今、コンテナやKubernetesという言葉をどこもかしこでも聞くようになりました。
しかし、みなさま本当にコンテナを本番環境で導入できていますでしょうか？実は検証環境でしか使ったことがない、というお客様も多いのではないでしょうか？
Kubernetesだけでは多くの課題をクリアできないことにみなさんが気づき始めました。では、我々は無駄な時間を過ごしてきたのでしょうか？
VMwareでは、この状況を打開するため、Tanzu Application Platformを発表しました。このセッションでは、コンテナおよびKubernetes活用の起爆剤となりうるTanzu Application Platformの全貌をご紹介します。",NULL,"05:20:00","06:00:00","31","37","2021-09-24 02:27:36","2021-09-30 03:13:53","4","12","21","1",,"1",NULL,NULL,NULL,"84","146","1299","4","1","2021-09-24 02:27:36.796686","2021-09-24 08:35:59.586107"
"1300","オブジェクトからブロックまで Cloud Native Application に必要なデータストレージの選択","企業のアプリケーション実行環境は パブリック/プライベート/ハイブリッドクラウドに広がり、
それらの上で、運用可能でスケーラブルなアプリケーションが求められる様になってきました。
この様な異なる環境で、シームレスなデータマネージメントを実現することは、
クラウドを利用する企業において重要な課題となっています。

本セッションでは ブロック/ファイル/オブジェクトストレージの特性を改めて解説し、
オーケストレーター/Kubernetesとの連携、パブリッククラウド／オンプレミスとの間での
相互運用性を高める手法/ONTAP ストレージOSについてご紹介いたします。",NULL,"05:20:00","06:00:00","32","48","2021-09-27 01:54:33","2021-10-25 04:51:41","4","12","20","1",,"1",NULL,NULL,NULL,NULL,"147","1300","4","1","2021-09-27 01:54:33.288731","2021-09-27 07:09:29.736224"
"1301","シングルクラスターマルチテナンシーを目指しているEKS上でkubevelaの運用をしてみた","Amebaでは旧システムからの脱却のため、マルチテナントのEKSへシステムを刷新するプロジェクトが推進されています。
開発者はアプリケーションをEKS上で動作させるために、kubernetesの理解やマニフェストの記述方法、コンテナセキュリティの設定など様々な知識が必要となりますが、これらの学習コストは少なくありません。
本セッションではそういった課題をkubevelaを導入することによってどのように解決したかをお話します。
また、多岐にわたるamebaシステムを一つのクラスタに混在させるマルチテナント環境を実現するために工夫した点についても紹介します。",NULL,"07:20:00","08:00:00","31","44","2021-09-27 10:54:43","2021-09-29 01:12:33","4","12","24","1",,"1",NULL,NULL,NULL,NULL,"148","1301","4","1","2021-09-27 10:54:43.092835","2021-09-28 02:44:07.564938"
"1303","シングルテナント・マルチクラスタ vs マルチテナント・シングルクラスタ論争 決着のとき","シングルテナント・マルチクラスタか、マルチテナント・シングルクラスタか。 Kubernetes を最大限効果的に活用するにはマルチテナントが最善ですが、プロダクション環境をマルチテナントクラスタで実現するには多くの超えるべきハードルがありました。最適なマルチテナント環境のために何が必要だったのか解説するとともに、Sysdig Secure DevOps Platform を活用したコンテナ・セキュリティに対する取り組みについてもご紹介します。 
ーーーーーーーーーーーーーーーーーーーーーーー
※本講演はSCSK株式会社によるスポンサー・セッションとなります",NULL,"07:20:00","08:00:00","32","49","2021-09-28 08:07:42","2021-09-30 08:24:47","4","11","24","1",,"1",NULL,NULL,NULL,"81","150","1303","4","1","2021-09-28 08:07:42.204960","2021-09-29 01:15:22.746011"
"1304","ASOCやってますか？セキュリティで開発を遅らせないオーケストレーションと相関ツールの使い方","ASOCというのは“Application security orchestration and correlation”の略ですが、何のためのものかご存知でしょうか？

AppSec、DevSecOpsといった掛け声に合わせて、ASTツールを導入してみても、組織全体で効果的に使えるようになっていないこともあります。それは、セキュリティ・ゲートや品質ゲートが適切に設定されていないか、セキュリティポリシーに基づいた運用ができるようになっていないからです。
ASOCでは、ASTツールの統合だけではなく、ポリシーに基づいた効果的なゲートの設定や運用が可能なインフラを提供します。同時に、マニュアルで実施するペンテストやリスク分析や脅威モデリング、コードレビューの結果なども取り込むことが可能です。

本セッションでは、Orchestration ツールのIntelligent Orchestration、Correlation ツールのCode Dxと各種ASTツールとマニュアルテストとの統合方法について解説します。",NULL,"07:20:00","08:00:00","31","44","2021-09-28 08:27:12","2021-10-21 09:06:02","4","11","22","1","https://www.synopsys.com/ja-jp/software-integrity/em/20211104_CloudNativeDays.html","1",NULL,NULL,NULL,NULL,"151","1304","4","1","2021-09-28 08:27:12.150483","2021-09-28 23:48:01.494867"
"1305","Open Standards: Anchoring Extensibility for Cloud-Native Tooling","Within its 7 years of existence, Kubernetes has been the centerpiece of the Cloud Native landscape, elevating a pluggable system that contributed to the diversification of the entire ecosystem. As a result, multiple areas have developed in the industry, galvanizing solutions for components such as runtime, tracing, metrics, service mesh, and many more. However, to accommodate the expanding space of cloud-native tooling, it was necessary to introduce standardization and guidelines to simplify the interoperability and consumption of these tools. This talk will focus on the evolution of open standards and manifestos within the cloud-native landscape, including OCI, OpenTelemetry, Open Service Mesh, Open Application Model, and many more. Attendees will acquire an understanding of why open standards are pivotal in the path towards the extensibility of cloud-native tooling.",NULL,"03:40:00","04:00:00","31","54","2021-09-28 23:47:23","2021-09-29 01:21:37","4","12","20","1",,"1",NULL,NULL,NULL,NULL,"152","1305","4","1","2021-09-28 23:47:23.325116","2021-09-28 23:48:01.516894"
"1306","やっぱりオンプレミスも捨てられない。ハイブリッドクラウド環境でのk8s活用術","パブリッククラウドの採用が進んでも、オンプレミス環境をいきなりなくすことはできませんが、オンプレミス環境でもk8sを活用を考えている方もたくさんいます。本セッションでは、ハイブリッドな環境でAzure Kubernetes Serviceやその他のk8s、そこで利用するアプリケーションの運用管理と上手に活用する方法をご紹介します。",NULL,"05:20:00","06:00:00","32","43","2021-09-29 00:27:58","2021-09-29 01:10:39","4","11","20","1",,"1",NULL,NULL,NULL,"68","153","1306","4","1","2021-09-29 00:27:58.486504","2021-09-29 01:10:07.608414"
"1307","Kubernetes1.23リリースに備えよ！SIOS DXエンジニアが注目する1.22の新機能","Kubernetesのアップデートは4ヶ月毎に行われます。以前の3ヶ月毎より頻度は減ったものの、それでもまだ高頻度です。
そして8月4日にリリースされた1.22ですが、イベントから約1ヶ月後の12月初旬には1.23がリリースされる予定です。
なので1.23に備えて、このタイミングで1.22の変更点をもう一度復習しませんか？
SIOSのKubernetesエンジニア3人が気になった変更点を紹介します。全ては紹介できませんが、大きな変更点から小さな変更点まで3名別々の視点から紹介します。",NULL,"05:20:00","06:00:00","31","43","2021-09-30 00:27:36","2021-09-30 05:17:00","4","11","23","1",,"1",NULL,NULL,NULL,"71","154","1307","4","1","2021-09-30 00:27:36.188268","2021-09-30 05:16:02.738443"
"1308","【リアルタイム限定】Docker Enterpriseの現在と未来 -コンテナ商用適用の在り方とは-","買収後にDocker Enterprise (Mirantis Cloud Native Platform) はどのように進化をしたのか、そしてマイクロサービス環境でこそ真価を発揮するKubernetesと、そこに相いれないアプリケーションで求められるものとは何かをお伝えするセッションとなります。",NULL,"05:20:00","06:00:00","32","53","2021-10-01 04:09:08","2021-10-01 04:11:59","4","11","25","1",,"1",NULL,NULL,NULL,"75","155","1308","4","1","2021-10-01 04:09:08.092683","2021-10-01 04:10:33.399360"
"1309","後乗せ派？先入れ派？まるで”きつねうどん”なサーバレスセキュリティの最適解","コンテナやFaaSといったサーバレス環境の導入を検討中の方に、これらの環境にはどのような脅威が考えられるのか、そして当社サービスを交えながら、その脅威に対応するためにはどのようにセキュリティ実装をするべきなのかをお伝えします。

サーバレスセキュリティは、従来のITセキュリティとは違う発想で構成する必要があり、その時の考え方はまさに ”きつねうどんの作り方” と同じと言えます。
かき揚げうどんじゃ、だめなんです。",NULL,"05:20:00","06:00:00","31","46","2021-10-04 09:42:49","2021-10-06 10:42:55","4","12","22","1",,"1",NULL,NULL,NULL,"87","156","1309","4","1","2021-10-04 09:42:49.506681","2021-10-06 10:40:48.297962"
"1316","APIサービスコネクティビティプラットフォームの衝撃！Kongを活用してAPIとマイクロサービスを容易かつ高速に活用しましょう","最近の新聞記事では、オープンAPIなどの取り組みにおいて海外と比べて国内の取り組みの遅れやガラパゴス化についての指摘があります。グローバル企業における最新のIT活用を推進しIT市場をより活性化しているAPIの取り組みにおいて、Kongの技術がどのようにお客さまのお役に立てるか、についてお届けします。",NULL,"07:20:00","08:00:00","31","40","2021-10-18 13:15:48","2021-10-18 13:22:03","4","12","23","1",,"1",NULL,NULL,NULL,"91","157","1316","4","1","2021-10-18 13:15:48.510223","2021-10-18 13:20:01.805856"
"1317","造り手と使い手をつなぐ Cloudflare のグローバルネットワーク","日本では2020年に拠点を設けたCloudflareですが、11年前、Small-Mediumな組織のためにWebアプリケーションのセキュリティとパフォーマンスを加速するサービスを開始し、以来、Help build a better ineternet というミッションのもと、さまざまなお客様にサービスを提供し続けています。
本セッションではアプリケーション活用のためにCloudflareがどのようなツールを提供できるのか、ご紹介したいと思います。",NULL,"07:20:00","08:00:00","31","47","2021-10-22 09:24:23","2021-10-29 07:43:07","4","12","22","1","https://drive.google.com/file/d/1-q1TYT22L3st2-wRm9dwt7mhzfGbIt53/view?usp=sharing","1",NULL,NULL,NULL,NULL,"158","1317","4","1","2021-10-22 09:24:23.837715","2021-10-25 05:06:18.226739"
